Product Name,Original Price,Sales Price,Ratings,Timestamp
Colby Small Crackled Metallic Leather Convertible Clutch,,$278,,2024-11-10 21:31:02
Colby Small Leather Convertible Clutch,,$278,3.6,2024-11-10 21:31:02
Colby Small Crackled Metallic Leather Convertible Clutch,,$278,5,2024-11-10 21:31:02
Jet Set Medium Metallic Crocodile Embossed Leather Crossbody Bag,,$258,5,2024-11-10 21:31:02
Jet Set Medium Metallic Crocodile Embossed Leather Crossbody Bag,,$258,,2024-11-10 21:31:02
Limited-Edition Nolita Small Rhinestone Mesh Hobo Shoulder Bag,,$658,,2024-11-10 21:31:02
Limited-Edition Nolita Small Metallic Rhinestone Mesh Hobo Shoulder Bag,,$658,,2024-11-10 21:31:02
Grayson Medium Metallic Empire Monogram Satchel,,$298,3.6,2024-11-10 21:31:02
Empire Medium Metallic Chain-Link Pochette,,$198,,2024-11-10 21:31:02
Grayson Small Metallic Empire Monogram Duffel Crossbody Bag,,$258,,2024-11-10 21:31:02
Gigi Small Metallic Empire Monogram Messenger Bag,,$278,,2024-11-10 21:31:02
Small Metallic Empire Monogram Travel Pouch,,$78,3.9,2024-11-10 21:31:02
Empire Small Metallic Card Case,,$98,,2024-11-10 21:31:02
Scarlett Medium Signature Logo Satchel,,$298,5,2024-11-10 21:31:02
Maeve Large Logo Crossbody Bag,,$258,5,2024-11-10 21:31:02
Nolita Large Pebbled Leather Hobo Shoulder Bag,,$398,3.4,2024-11-10 21:31:02
Nolita Large Nubuck Hobo Shoulder Bag,,$398,5,2024-11-10 21:31:02
Nolita Large Nubuck Hobo Shoulder Bag,,$398,5,2024-11-10 21:31:02
Nolita Small Pebbled Leather Hobo Shoulder Bag,,$258,4.4,2024-11-10 21:31:02
Taryn Large Leather Tote Bag,,$298,4,2024-11-10 21:31:02
Taryn Large Signature Logo and Leather Tote Bag,,$298,5,2024-11-10 21:31:02
Taryn Large Leather Tote Bag,,$298,3.8,2024-11-10 21:31:02
Colby Medium Leather Shoulder Bag,,$298,5,2024-11-10 21:31:02
Colby Medium Suede Shoulder Bag,,$358,5,2024-11-10 21:31:02
Colby Medium Leather Shoulder Bag,,$298,5,2024-11-10 21:31:02
Colby Medium Crackled Leather and Suede Shoulder Bag,,$298,4.9,2024-11-10 21:31:02
Jet Set Small Logo Print Woven Smartphone Crossbody Bag,,$128,4.2,2024-11-10 21:31:02
Jet Set Small Nylon Gabardine Smartphone Crossbody Bag,,$128,4.1,2024-11-10 21:31:02
Jet Set Small Logo Print Woven Smartphone Crossbody Bag,,$128,5,2024-11-10 21:31:02
Jet Set Small Logo Smartphone Convertible Crossbody Bag,,$158,4.9,2024-11-10 21:31:02
Lillie Large Pebbled Leather Shoulder Bag,,$458,4.2,2024-11-10 21:31:02
Lillie Large Signature Logo Shoulder Bag,,$458,3.2,2024-11-10 21:31:02
Bedford Travel Extra-Large Signature Logo Stripe Weekender Bag,,$398,3.4,2024-11-10 21:31:02
Prescott Large Signature Logo Print Woven Backpack,,$278,5,2024-11-10 21:31:02
Logo Suitcase,,$498,5,2024-11-10 21:31:02
Empire Signature Logo Suitcase,$498,$311.25,5,2024-11-10 21:31:02
Marilyn Medium Saffiano Leather Satchel,,$298,4.4,2024-11-10 21:31:02
Marilyn Medium Logo Satchel,,$298,3.2,2024-11-10 21:31:02
Marilyn Medium Two-Tone Saffiano Leather Satchel,,$298,3.8,2024-11-10 21:31:02
Marilyn Medium Saffiano Leather Satchel,,$298,4.2,2024-11-10 21:31:02
Marilyn Medium Saffiano Leather Tote Bag,,$228,5,2024-11-10 21:31:02
Marilyn Medium Logo Tote Bag,,$228,4.3,2024-11-10 21:31:02
Marilyn Medium Saffiano Leather Tote Bag,,$228,5,2024-11-10 21:31:02
Marilyn Medium Logo Tote Bag,,$228,4.5,2024-11-10 21:31:02
Luisa Large Signature Logo Messenger Bag,$298,$99,5,2024-11-10 21:31:02
Luisa Large Pebbled Leather Messenger Bag,$298,$129,5,2024-11-10 21:31:02
Astor Large Studded Leather Tote Bag,$498,$249,5,2024-11-10 21:31:02
Logo Stripe Continental Wristlet,$178,$79,5,2024-11-10 21:31:02
Susan Medium Quilted Leather Satchel,$398,$204,4,2024-11-10 21:31:02
Luisa Small Pebbled Leather Satchel,$258,$99,3.8,2024-11-10 21:31:02
Cara Small Nylon Backpack,$228,$79,4.4,2024-11-10 21:31:02
Greenwich Small Color-Block Logo and Saffiano Leather Crossbody Bag,,$149,5,2024-11-10 21:31:02
Cara Large Nylon Tote Bag,$298,$89,4.8,2024-11-10 21:31:02
Scarlett Medium Crocodile Embossed Patent Leather Satchel,$358,$189,5,2024-11-10 21:31:02
Rhea Medium Color-Block Logo Backpack,$298,$203.75,5,2024-11-10 21:31:02
Mila Medium Leather Messenger Bag,$328,$204,3.4,2024-11-10 21:31:02
Luisa Large Signature Logo Messenger Bag,$298,$129,3.7,2024-11-10 21:31:02
Slater Medium Signature Logo Sling Pack,$298,$165,5,2024-11-10 21:31:02
Scarlett Extra-Small Crocodile Embossed Leather Crossbody Bag,,$129,4.2,2024-11-10 21:31:02
Voyager Medium Logo Tote Bag,$298,$203.75,3.7,2024-11-10 21:31:02
Empire Medium Chain-Link Pochette,$198,$123,3.8,2024-11-10 21:31:02
Luisa Small Signature Logo Satchel,$258,$99,4.8,2024-11-10 21:31:02
Marilyn Medium Snake Embossed Leather Satchel,$358,$179,4.1,2024-11-10 21:31:02
Greenwich Small Saffiano Leather Crossbody Bag,,$119.25,3.9,2024-11-10 21:31:02
Jet Set Charm Small Logo Pochette,$198,$127,4.7,2024-11-10 21:31:02
Astor Large Studded Leather Tote Bag,$498,$229,5,2024-11-10 21:31:02
Astor Large Studded Leather Shoulder Bag,$328,$159,4.8,2024-11-10 21:31:02
Marilyn Small Color-Block Saffiano Leather Crossbody Bag,$258,$129,3.5,2024-11-10 21:31:02
Voyager Medium Crossgrain Leather Tote Bag,$298,$203.75,5,2024-11-10 21:31:02
Mila Small Leather Shoulder Bag,$258,$165,4.4,2024-11-10 21:31:02
Jet Set Large Signature Logo Print Woven Crossbody Bag,,$158,4.8,2024-11-10 21:31:02
Small Quilted Leather Wallet,,$29,4,2024-11-10 21:31:02
Susan Medium Quilted Leather Tote Bag,$458,$255,4.6,2024-11-10 21:31:02
Jet Set Medium Pebbled Leather Crossbody Bag,,$149,5,2024-11-10 21:31:02
Ginny Leather Crossbody Bag,,$89,4.6,2024-11-10 21:31:02
Astor Large Studded Leather Tote Bag,,$199,5,2024-11-10 21:31:02
Adele Leather Smartphone Wallet,,$79,4.2,2024-11-10 21:31:02
Colby Extra-Small Empire Monogram Shoulder Bag,$198,$123,,2024-11-10 21:31:02
Rhea Medium Color-Block Logo Backpack,$298,$203.75,5,2024-11-10 21:31:02
Marilyn Small Snake Embossed Leather Crossbody Bag,$298,$149,4.6,2024-11-10 21:31:02
Jet Set Travel Large Camouflage Print Calf Hair Continental Wallet,$198,$88.80,5,2024-11-10 21:31:02
Slater Medium Pebbled Leather Sling Pack,$298,$165,5,2024-11-10 21:31:02
Voyager Small Color-Block Logo Tote Bag,$258,$199,3.6,2024-11-10 21:31:02
Jet Set Large Signature Logo Print Woven Crossbody Bag,,$158,4.8,2024-11-10 21:31:02
Luisa Large Signature Logo Messenger Bag,$298,$129,3.9,2024-11-10 21:31:02
Jordi Small Leather Tote Bag,,$298,5,2024-11-10 21:31:02
Luisa Small Signature Satchel,$258,$99,,2024-11-10 21:31:02
Jet Set Large Signature Logo Stripe Smartphone Wallet,$128,$79,4.3,2024-11-10 21:31:02
Prescott Large Signature Logo Print Woven Backpack,,$278,5,2024-11-10 21:31:02
Ludlow Medium Leather Shoulder Bag,,$149,3.9,2024-11-10 21:31:02
Marilyn Small Saffiano Leather Crossbody Bag,,$258,4.7,2024-11-10 21:31:02
Nolita Small Pebbled Leather Hobo Shoulder Bag,,$258,4.2,2024-11-10 21:31:02
Tina Mini Metallic Crocodile Embossed Leather Minaudière,"$1,290",$774,,2024-11-10 21:31:02
Jet Set Charm Small Metallic Pebbled Leather Pochette,$198,$127,5,2024-11-10 21:31:02
Mila Small Hand-Stitched Leather Shoulder Bag,$298,$149,4.9,2024-11-10 21:31:02
Luisa Small Signature Logo Satchel,$258,$99,,2024-11-10 21:31:02
Large Saffiano Leather Continental Wallet,,$178,4.2,2024-11-10 21:31:02
Jet Set Small Signature Logo Stripe Card Case,$78,$49,,2024-11-10 21:31:02
Grayson Extra-Large Empire Signature Logo Stripe Weekender Bag,$458,$286.25,4.6,2024-11-10 21:31:02
Voyager Small Color-Block Logo Tote Bag,$258,$199,3.4,2024-11-10 21:31:02
Susan Medium Quilted Leather Tote Bag,$398,$204,3.2,2024-11-10 21:31:02
Colby Small Leather Tri-Fold Wallet,,$39,3.9,2024-11-10 21:31:02
Slater Medium Pebbled Leather Sling Pack,$298,$129,5,2024-11-10 21:31:02
Avra Medium Suede Crossbody Bag,$298,$149,4.2,2024-11-10 21:31:02
Colby Medium Empire Monogram Shoulder Bag,$298,$186.25,3.9,2024-11-10 21:31:02
Greenwich Small Saffiano Leather Crossbody Bag,$298,$165,5,2024-11-10 21:31:02
Grayson Small Logo Print Woven Duffel Crossbody Bag,$198,$123,4.6,2024-11-10 21:31:02
Eliza Extra-Large Hand-Woven Leather Tote Bag,$458,$179,4.4,2024-11-10 21:31:02
Darrington Large Suede and Shearling Messenger Bag,,$558,4.3,2024-11-10 21:31:02
Small Logo and Leather Wallet,,$78,4,2024-11-10 21:31:02
Large Logo Continental Wallet,,$178,4,2024-11-10 21:31:02
Jet Set Large Saffiano Leather Snap-Front Wallet,$128,$99,5,2024-11-10 21:31:02
Darrington Large Crackled Leather Shoulder Bag,,$498,4.9,2024-11-10 21:31:02
Jet Set Large Signature Logo Print Woven Crossbody Bag,,$158,4.6,2024-11-10 21:31:02
Jet Set Small Two-Tone Logo Smartphone Crossbody Bag,,$158,4.7,2024-11-10 21:31:02
Jet Set Small Leather Wallet,,$78,5,2024-11-10 21:31:02
Hudson Signature Logo Backpack,,$448,4.8,2024-11-10 21:31:02
Jet Set Large Saffiano Leather Snap-Front Wallet,,$128,5,2024-11-10 21:31:02
Small Quilted Leather Wallet,,$39,4.2,2024-11-10 21:31:02
Slater Medium Pebbled Leather Sling Pack,$298,$179,3.2,2024-11-10 21:31:02
Jet Set Small Crocodile Embossed Leather Card Case,$78,$29.25,3.4,2024-11-10 21:31:02
Colby Small Leather Tri-Fold Wallet,,$49,3.7,2024-11-10 21:31:02
Jordi Large Leather Tote Bag,,$398,,2024-11-10 21:31:02
The Michael Large Animal Print Logo Tote Bag,$298,$119,4.6,2024-11-10 21:31:02
Jet Set Charm Small Pebbled Leather Pochette,$198,$127,5,2024-11-10 21:31:02
Ludlow Medium Leather Shoulder Bag,,$358,4.2,2024-11-10 21:31:02
Grayson Medium Metallic Crocodile Embossed Leather Satchel,,$358,3.9,2024-11-10 21:31:02
Limited-Edition Tribeca Small Hand-Embellished Shoulder Bag,$698,$349,4.3,2024-11-10 21:31:02
Mila Small Empire Signature Logo Shoulder Bag,$258,$165,5,2024-11-10 21:31:02
Small Logo Coin Wristlet,,$78,5,2024-11-10 21:31:02
Leather Coin Purse,,$78,5,2024-11-10 21:31:02
Colby Small Empire Monogram Tri-Fold Wallet,$128,$79,5,2024-11-10 21:31:02
Jet Set Medium Signature Logo Crossbody Bag with Case for Apple AirPods Pro®,,$298,5,2024-11-10 21:31:02
Colby Medium Metallic Leather Shoulder Bag,,$298,3.2,2024-11-10 21:31:02
Bex Medium Signature Logo Backpack,,$298,4.2,2024-11-10 21:31:02
Townsend Medium Pebbled Leather Messenger Bag,$298,$149,5,2024-11-10 21:31:02
Maeve Large Signature Logo Crossbody Bag,,$258,,2024-11-10 21:31:02
Marilyn Small Logo Crossbody Bag,,$258,5,2024-11-10 21:31:02
Colby Extra-Small Shearling Shoulder Bag,,$258,4.9,2024-11-10 21:31:02
Empire Medium Metallic Crocodile Embossed Leather Chain-Link Pochette,,$258,,2024-11-10 21:31:02
Maeve Large Signature Logo Crossbody Bag,,$258,,2024-11-10 21:31:02
Jet Set Travel Metallic Crocodile Embossed Leather Continental Wallet,,$198,5,2024-11-10 21:31:02
Medium Pebbled Leather Wallet,,$128,5,2024-11-10 21:31:02
Jet Set Large Signature Logo Print Woven Crossbody Bag,,$128,3.5,2024-11-10 21:31:02
Large Logo Woven Dust Bag,,$5,4.1,2024-11-10 21:31:02
Ludlow Medium Leather Shoulder Bag,,$268.50,3.1,2024-11-10 21:31:02
Susan Medium Quilted Leather Tote Bag,$458,$255,,2024-11-10 21:31:02
Tribeca Large Metallic Leather Convertible Crossbody Bag,,$198,5,2024-11-10 21:31:02
Jet Set Travel Metallic Crocodile Embossed Leather Continental Wallet,,$198,3.9,2024-11-10 21:31:02
Empire Medium Leather Chain-Link Pochette,,$198,4.8,2024-11-10 21:31:02
Jet Set Travel Metallic Crocodile Embossed Leather Continental Wallet,,$198,,2024-11-10 21:31:02
Empire Medium Metallic Chain-Link Pochette,,$198,,2024-11-10 21:31:02
Grayson Small Logo Print Woven Duffel Crossbody Bag,$198,$123,3.6,2024-11-10 21:31:02
Colby Small Camouflage Print Calf Hair Tri-Fold Wallet,$158,$49,3.6,2024-11-10 21:31:02
Striped Nylon Bag Strap,$78,$29,5,2024-11-10 21:31:02
Taryn Small Leather Convertible Crossbody Bag,,$258,3.7,2024-11-10 21:31:02
Colby Extra-Small Burnished Leather Shoulder Bag,,$198,3.7,2024-11-10 21:31:02
Mona Large Metallic Saffiano Leather Clutch,,$198,5,2024-11-10 21:31:02
Large Logo Continental Wallet,,$178,5,2024-11-10 21:31:02
Jet Set Travel Large Leather Continental Wallet,,$178,3.4,2024-11-10 21:31:02
Cara Large Nylon Tote Bag,$298,$109,5,2024-11-10 21:31:02
Darrington Large Crackled Leather Messenger Bag,,$398,3.1,2024-11-10 21:31:02
Small Pebbled Leather Wallet,,$78,5,2024-11-10 21:31:02
Small Logo Wallet,,$78,5,2024-11-10 21:31:02
Small Pebbled Leather Wallet,,$78,4.2,2024-11-10 21:31:02
Ginny Medium Logo Crossbody Bag,,$198,5,2024-11-10 21:31:02
Adele Logo Smartphone Wallet,,$128,3.7,2024-11-10 21:31:02
Empire Crocodile Embossed Leather Passport Wallet,,$128,3.5,2024-11-10 21:31:02
Jet Set Large Logo Print Woven Crossbody Bag,,$128,3.7,2024-11-10 21:31:02
Adele Logo Smartphone Wallet,,$128,3.5,2024-11-10 21:31:02
Adele Leather Smartphone Wallet,,$128,4.4,2024-11-10 21:31:02
Lulu Small Pebbled Leather Satchel,,$198,3.1,2024-11-10 21:31:02
Slater Extra-Large Recycled Nylon Tote Bag,$328,$149,4.7,2024-11-10 21:31:02
Colby Small Burnished Leather Tri-Fold Wallet,,$128,3.5,2024-11-10 21:31:02
Jet Set Charm Small Metallic Leather Pochette,$198,$127,5,2024-11-10 21:31:02
Empire Small Metallic Crocodile Embossed Leather Travel Pouch,,$98,4,2024-11-10 21:31:02
Striped Nylon Bag Strap,$78,$29,5,2024-11-10 21:31:02
Empire Small Woven Leather Card Case,$98,$39,5,2024-11-10 21:31:02
Empire Small Metallic Card Case,,$98,,2024-11-10 21:31:02
Logo Card Case,,$58,4.2,2024-11-10 21:31:02
Jet Set Medium Hand-Woven Leather Crossbody Bag,$258,$109,5,2024-11-10 21:31:02
Small Logo Woven Dust Bag,,$5,4.5,2024-11-10 21:31:02
Pebbled Leather Card Case,,$58,3.8,2024-11-10 21:31:02
Pebbled Leather Card Case,,$58,4.4,2024-11-10 21:31:02
Jet Set Small Leather Wallet,,$78,5,2024-11-10 21:31:03
Leather Cleaner,,$10,4.3,2024-11-10 21:31:03
Renew and Protect Leather Care Kit,,$9.95,5,2024-11-10 21:31:03
Rain & Stain Protector,,$10,5,2024-11-10 21:31:03
Small Logo Woven Dust Bag,,$5,3.3,2024-11-10 21:31:03
Colby Small Leopard Print Calf Hair Tri-Fold Wallet,,$158,5,2024-11-10 21:31:03
Tribeca Large Metallic Quilted Leather Shoulder Bag,,$358,4.6,2024-11-10 21:31:03
Jet Set Medium Leopard Logo Crossbody Bag with Case for Apple AirPods Pro®,,$298,3.8,2024-11-10 21:31:03
MKC x 007 Bond Cotton Canvas and Leather Weekender Bag,,"$1,950",5,2024-11-10 21:31:03
Campbell Mini Crocodile Embossed Leather Satchel,,"$1,490",,2024-11-10 21:31:03
Jet Set Medium Crocodile Embossed Leather Crossbody Bag,,$258,,2024-11-10 21:31:03
Slater Medium Logo Backpack,,$378,3.9,2024-11-10 21:31:03
Chelsea Large Saffiano Leather Convertible Crossbody Bag,,$258,3.9,2024-11-10 21:31:03
Jet Set Medium Logo Camera Bag,,$198,4.5,2024-11-10 21:31:03
Chelsea Large Saffiano Leather Convertible Crossbody Bag,,$258,3.1,2024-11-10 21:31:03
Chelsea Large Metallic Saffiano Leather Convertible Crossbody Bag,,$258,4.2,2024-11-10 21:31:03
Tribeca Large Quilted Leather Shoulder Bag,,$358,3.2,2024-11-10 21:31:03
Tribeca Large Quilted Leather Shoulder Bag,,$358,4.4,2024-11-10 21:31:03
Avra Medium Leather Crossbody Bag,,$149,4,2024-11-10 21:31:03
Tribeca Large Metallic Leather Convertible Crossbody Bag,,$198,5,2024-11-10 21:31:03
Jet Set Medium Pebbled Leather Crossbody Bag with Case for Apple AirPods Pro®,,$298,,2024-11-10 21:31:03
Tribeca Large Leopard Print Calf Hair Convertible Crossbody Bag,,$258,3.9,2024-11-10 21:31:03
Chelsea Large Metallic Saffiano Leather Convertible Crossbody Bag,,$258,5,2024-11-10 21:31:03
Bedford Travel Extra-Large Metallic Crocodile Embossed Leather Weekender Bag,,$698,,2024-11-10 21:31:03
Empire Medium Leopard Print Calf Hair Chain-Link Pochette,,$258,4.9,2024-11-10 21:31:03
Gigi Small Metallic Crocodile Embossed Leather Messenger Bag,,$358,,2024-11-10 21:31:03
Christie Crocodile Embossed Leather Envelope Bag,,"$1,090",,2024-11-10 21:31:03
Ludlow Medium Snake Embossed Leather Shoulder Bag,$398,$298.50,5,2024-11-10 21:31:03
Melrose Leather Tote Bag,,"$1,490",,2024-11-10 21:31:03
Scarlett Extra-Small Cheetah Print Calf Hair Crossbody Bag,,$258,,2024-11-10 21:31:03
Campbell Large Python Embossed Leather Weekender Bag,,"$2,090",4.8,2024-11-10 21:31:03
Watch Hunger Stop LOVE Medium Cotton Canvas Pouch,,$58,3.4,2024-11-10 21:31:03
Empire Small Metallic Crocodile Embossed Leather Travel Pouch,,$98,,2024-11-10 21:31:03
Leather Continental Wristlet,,$178,5,2024-11-10 21:31:03
Isabella Medium Hand-Woven Leather Tote Bag,"$1,390",$834,,2024-11-10 21:31:03
ASHYA X MICHAEL KORS Saga Signature And Leather Multi Bag,,$498,3.8,2024-11-10 21:31:03
Monogramme Python Embossed Lunch Bag Clutch,$990,$594,,2024-11-10 21:31:03
Jet Set Large Signature Logo Snap-Front Wallet,,$128,4.6,2024-11-10 21:31:03
Ali Fringed Suede Clutch,"$1,650",$825,,2024-11-10 21:31:03
Ali Fringed Leather Clutch,"$1,650",$825,,2024-11-10 21:31:03
Empire Small Metallic Crocodile Embossed Leather Card Case,,$128,,2024-11-10 21:31:03
Empire Small Crocodile Embossed Leather Card Case,,$128,,2024-11-10 21:31:03
Jet Set Large Nylon Gabardine Messenger Bag,,$128,4.2,2024-11-10 21:31:03
Ursula Large Crocodile Embossed Leather Ring Tote Bag,,"$2,290",,2024-11-10 21:31:03
Ursula Large Leather Ring Tote Bag,"$2,090","$1,254",,2024-11-10 21:31:03
ASHYA X MICHAEL KORS Saga Signature And Leather Multi Bag,,$498,4,2024-11-10 21:31:03
Bardot Mini Metallic Python Embossed Leather Hobo Shoulder Bag,"$1,990",$995,4.3,2024-11-10 21:31:03
MKC x 007 Bond Leather Duffel Bag,,"$2,350",4,2024-11-10 21:31:03
Small Metallic Empire Monogram Travel Pouch,,$78,3.1,2024-11-10 21:31:03
Bedford Travel Extra-Large Metallic Crocodile Embossed Leather Weekender Bag,,$698,,2024-11-10 21:31:03
Tribeca Large Leather Convertible Crossbody Bag,,$198,4,2024-11-10 21:31:03
Colby Extra-Small Empire Monogram Shoulder Bag,$198,$123,,2024-11-10 21:31:03
Lulu Small Metallic Empire Monogram Satchel,,$198,,2024-11-10 21:31:03
Empire Medium Metallic Pebbled Leather Wallet,,$128,4.1,2024-11-10 21:31:03
Simone Crocodile Embossed Leather Satchel,,"$3,300",,2024-11-10 21:31:03
Jet Set Medium Metallic Leather Crossbody Bag with Case for Apple AirPods Pro®,,$298,4.7,2024-11-10 21:31:03
Dede Medium Suede Hobo Bag,"$1,290",$774,,2024-11-10 21:31:03
Watch Hunger Stop Recycled Cotton Canvas Tote Bag,,$98,4,2024-11-10 21:31:03
Colby Extra-Small Leather Shoulder Bag,,$198,4.5,2024-11-10 21:31:03
Colby Extra-Small Leather Shoulder Bag,,$198,4.7,2024-11-10 21:31:03
Christie Metallic Lizard Embossed Leather Envelope Bag,,"$1,090",,2024-11-10 21:31:03
Mia Crocodile Embossed Leather Envelope Clutch,,"$1,290",,2024-11-10 21:31:03
Bardot Mini Crocodile Embossed Patent Leather Hobo Shoulder Bag,,"$1,890",,2024-11-10 21:31:03
Lulu Small Metallic Empire Monogram Satchel,,$198,,2024-11-10 21:31:03
Grayson Medium Metallic Empire Monogram Satchel,,$298,,2024-11-10 21:31:03
Melrose Pebbled Leather Tote Bag,,"$1,490",,2024-11-10 21:31:03
Marilyn Medium Signature Logo Satchel,,$298,,2024-11-10 21:31:03
Darrington Small Crackled Leather Satchel,,$428,5,2024-11-10 21:31:03
Campbell Medium Python Embossed Leather Satchel,,"$1,750",,2024-11-10 21:31:03
Audrey Medium Patent Leather Bucket Bag,"$1,490",$745,5,2024-11-10 21:31:03
Jet Set Small Pebbled Leather Smartphone Convertible Crossbody Bag,,$158,5,2024-11-10 21:31:03
Monogramme Python Embossed Leather Tote Bag,,$990,4.4,2024-11-10 21:31:03
Grayson Medium Metallic Crocodile Embossed Leather Satchel,,$358,3.7,2024-11-10 21:31:03
Empire Medium Metallic Crocodile Embossed Leather Chain-Link Pochette,,$258,,2024-11-10 21:31:03
Mia Metallic Lizard Embossed Leather Envelope Clutch,,"$1,290",,2024-11-10 21:31:03
Marilyn Medium Signature Logo Stripe Satchel,,$298,5,2024-11-10 21:31:03
Melrose Pebbled Leather Tote Bag,,"$1,490",,2024-11-10 21:31:03
Natalie Crocodile Embossed Patent Leather Barrel Bag,,"$2,200",,2024-11-10 21:31:03
Lulu Small Patent Leather Satchel,,$198,,2024-11-10 21:31:03
Empire Small Metallic Crocodile Embossed Leather Card Case,,$128,,2024-11-10 21:31:03
Gwyneth Specchio Leather Shoulder Bag,,"$1,990",,2024-11-10 21:31:03
Jordi Large Empire Monogram Tote Bag,,$398,,2024-11-10 21:31:03
Darrington Large Crackled Leather Shoulder Bag,,$498,,2024-11-10 21:31:03
Scarlett Extra-Small Logo Crossbody Bag,,$198,4.9,2024-11-10 21:31:03
Gwyneth Cheetah Print Calf Hair Shoulder Bag,,"$1,990",,2024-11-10 21:31:03
Kiera Leather Hobo Bag,,"$2,390",,2024-11-10 21:31:03
Tribeca Large Metallic Quilted Leather Shoulder Bag,,$358,5,2024-11-10 21:31:03
Jordi 3-in-1 Empire Monogram Envelope Wallet,,$258,,2024-11-10 21:31:03
Tina Small Leather Minaudière,"$1,550",$775,5,2024-11-10 21:31:03
Julie Large Woven Leather Bucket Bag,"$2,800","$1,680",,2024-11-10 21:31:03
Ursula Large Crocodile Embossed Leather Ring Tote Bag,,"$2,290",4.7,2024-11-10 21:31:03
Ursula Small Leather Ring Tote Bag,"$1,890",$945,,2024-11-10 21:31:03
Bardot Mini Leather Hobo Shoulder Bag,"$1,790","$1,074",3.2,2024-11-10 21:31:03
Lulu Small Pebbled Leather Satchel,,$198,3.3,2024-11-10 21:31:03
Townsend Small Pebbled Leather Crossbody Bag,$258,$129,5,2024-11-10 21:31:03
Gigi Small Crocodile Embossed Leather Messenger Bag,,$358,,2024-11-10 21:31:03
Gigi Small Metallic Empire Monogram Messenger Bag,,$278,,2024-11-10 21:31:03
Campbell Mini Crocodile Embossed Leather Satchel,,"$1,490",,2024-11-10 21:31:03
Mia Metallic Lizard Embossed Leather Envelope Clutch,,"$1,290",,2024-11-10 21:31:03
Manhatta Crocodile Embossed Patent Leather Shoulder Bag,,"$2,200",3.2,2024-11-10 21:31:03
Tribeca Large Signature Logo Shoulder Bag,,$358,,2024-11-10 21:31:03
Scarlett Medium Cheetah Print Calf Hair Satchel,,$358,,2024-11-10 21:31:03
Tina Small Python Embossed Leather Minaudière,,"$1,550",,2024-11-10 21:31:03
Tina Small Leather Minaudière,"$1,550",$930,,2024-11-10 21:31:03
Joni Hand-Woven Leather Minaudière,"$2,000","$1,200",,2024-11-10 21:31:03
Piper Small Pebbled Leather Shoulder Bag,,$298,5,2024-11-10 21:31:03
Bex Medium Pebbled Leather Backpack,,$298,5,2024-11-10 21:31:03
Campbell Medium Crocodile Embossed Leather Satchel,,"$1,750",5,2024-11-10 21:31:03
Slater Medium Leopard Logo Sling Pack,,$298,,2024-11-10 21:31:03
Jet Set Medium Pebbled Leather Crossbody Bag with Case for Apple AirPods Pro®,,$298,,2024-11-10 21:31:03
Tate Small Crocodile Embossed Patent Leather Crossbody Bag,,"$1,950",,2024-11-10 21:31:03
Simone Cheetah Print Calf Hair Satchel,,"$3,300",,2024-11-10 21:31:03
Christie Medium Leather Envelope Bag,"$1,290",$774,,2024-11-10 21:31:03
Darrington Large Crackled Leather Backpack,,$498,,2024-11-10 21:31:03
Empire Medium Crocodile Embossed Leather Chain-Link Pochette,,$258,,2024-11-10 21:31:03
Mia Crocodile Embossed Leather Envelope Clutch,,"$1,290",,2024-11-10 21:31:03
Manhatta Leather Shoulder Bag,,"$2,100",,2024-11-10 21:31:03
Natalie Leather Barrel Bag,,"$2,100",,2024-11-10 21:31:03
Scarlett Medium Leather Satchel,,$298,3.5,2024-11-10 21:31:03
Cate Crocodile Embossed Patent Leather Clutch,,"$1,690",,2024-11-10 21:31:03
Darrington Mini Crackled Leather Crossbody Bag,,$198,,2024-11-10 21:31:03
Tribeca Small Quilted Leather Shoulder Bag,$298,$223.50,,2024-11-10 21:31:03
Darrington Metallic Small Crackled Leather Satchel,,$428,4.2,2024-11-10 21:31:03
Ludlow Medium Snake Embossed Leather Shoulder Bag,$398,$298.50,,2024-11-10 21:31:03
Gigi Small Metallic Crocodile Embossed Leather Messenger Bag,,$358,,2024-11-10 21:31:03
Campbell Burnished Leather Weekender Bag,,"$3,100",4.6,2024-11-10 21:31:03
Marilyn Medium Signature Logo Satchel,,$298,,2024-11-10 21:31:03
Luisa Large Pebbled Leather Messenger Bag,,$298,,2024-11-10 21:31:03
Jet Set Leather and Signature Logo Convertible Crossbody Bag,,$158,,2024-11-10 21:31:03
Simone Leather Satchel,,"$3,100",,2024-11-10 21:31:03
Lulu Small Metallic Leather Satchel,,$198,,2024-11-10 21:31:03
Jordi 3-in-1 Leather Envelope Wallet,,$258,,2024-11-10 21:31:03
Gwyneth Crocodile Embossed Leather Shoulder Bag,,"$1,990",,2024-11-10 21:31:03
Gwyneth Leather Shoulder Bag,,"$1,890",,2024-11-10 21:31:03
Jordi Small Empire Monogram Tote Bag,,$298,,2024-11-10 21:31:03
Marilyn Medium Signature Logo Tote Bag,,$228,,2024-11-10 21:31:03
Kendall Small Leather Shoulder Bag,,$228,3.2,2024-11-10 21:31:03
Dede Mini Python Embossed Leather Hobo Bag,"$1,150",$575,4,2024-11-10 21:31:03
Marilyn Medium Logo Stripe Satchel,,$298,4.1,2024-11-10 21:31:03
Campbell Medium Pebbled Leather Satchel,,"$1,750",3.1,2024-11-10 21:31:03
Hudson Pebbled Leather Duffel Bag,$698,$449,5,2024-11-10 21:31:03
Jet Set Travel Large Leather Continental Wallet,,$178,3.6,2024-11-10 21:31:03
Dede Mini Leather Hobo Bag,"$1,150",$690,,2024-11-10 21:31:03
Campbell Medium Pebbled Leather Satchel,,"$1,750",5,2024-11-10 21:31:03
Limited-Edition Tribeca Small Hand-Embellished Shoulder Bag,$698,$349,3.2,2024-11-10 21:31:03
Gloria Medium Leather Messenger Bag,"$1,390",$695,3.8,2024-11-10 21:31:03
Christie Crocodile Embossed Leather Envelope Bag,,"$1,090",,2024-11-10 21:31:03
Metallic Empire Monogram Glasses Case,,$98,,2024-11-10 21:31:03
Christie Mini Leopard Print Calf Hair and Leather Envelope Bag,"$1,190",$833,3.5,2024-11-10 21:31:03
Empire Metallic Crocodile Embossed Leather Passport Wallet,,$128,,2024-11-10 21:31:03
Winston Large Nylon Pocket Tote Bag,,$198,3.3,2024-11-10 21:31:03
Greenwich Small Animal Print Logo Wallet,$158,$79,5,2024-11-10 21:31:03
Small Quilted Leather Wallet,,$98,4.4,2024-11-10 21:31:03
Colby Medium Leopard Print Calf Hair Shoulder Bag,,$358,,2024-11-10 21:31:03
Christie Mini Metallic Python Embossed Leather Envelope Bag,,"$1,090",5,2024-11-10 21:31:03
Empire Medium Leather Chain-Link Pochette,,$198,5,2024-11-10 21:31:03
Scarlett Extra-Small Leather Crossbody Bag,,$198,,2024-11-10 21:31:03
Grayson Small Metallic Empire Monogram Duffel Crossbody Bag,,$258,,2024-11-10 21:31:03
Colby Burnished Leather Messenger Bag,,$398,3.8,2024-11-10 21:31:03
Darrington Large Crackled Leather Shoulder Bag,,$498,,2024-11-10 21:31:03
Hudson Logo Weekender Bag,,$648,4,2024-11-10 21:31:03
Mona Large Saffiano Leather Clutch,,$198,4.3,2024-11-10 21:31:03
Ginny Leather Crossbody Bag,,$198,4.8,2024-11-10 21:31:03
Jet Set Large Nylon Gabardine Messenger Bag,,$128,3.8,2024-11-10 21:31:03
Sharon Medium Leather Tote Bag,,"$2,400",,2024-11-10 21:31:03
Ali Fringed Python Embossed Leather Clutch,"$1,750",$875,,2024-11-10 21:31:03
Tina Small Patent Leather Minaudière,"$1,550",$930,,2024-11-10 21:31:03
Taryn Small Leather Convertible Crossbody Bag,,$258,,2024-11-10 21:31:03
Marilyn Medium Signature Logo Tote Bag,,$228,,2024-11-10 21:31:03
Dede Mini Crocodile Embossed Leather Hobo Bag,"$1,150",$690,,2024-11-10 21:31:03
Campbell Leather Weekender Bag,,"$1,990",5,2024-11-10 21:31:03
Empire Metallic Crocodile Embossed Leather Passport Wallet,,$128,,2024-11-10 21:31:03
Campbell Mini Crocodile Embossed Leather Satchel,,"$1,490",,2024-11-10 21:31:03
Large Logo Continental Wallet,,$178,5,2024-11-10 21:31:03
Metallic Empire Monogram Glasses Case,,$98,3.3,2024-11-10 21:31:03
Christie Metallic Lizard Embossed Leather Envelope Bag,,"$1,090",,2024-11-10 21:31:03
Tate Small Crocodile Embossed Patent Leather Crossbody Bag,,"$1,950",,2024-11-10 21:31:03
Bardot Mini Crocodile Embossed Leather Hobo Shoulder Bag,,"$1,890",,2024-11-10 21:31:03
Lulu Small Metallic Leather Satchel,,$198,,2024-11-10 21:31:03
Grayson Medium Crocodile Embossed Leather Satchel,,$358,4.1,2024-11-10 21:31:03
Bedford Travel Extra-Large Crocodile Embossed Leather Weekender Bag,,$698,,2024-11-10 21:31:03
Darrington Small Crackled Leather Satchel,,$428,3.4,2024-11-10 21:31:03
Jordyn Small Leather Shoulder Bag,$358,$219,3.7,2024-11-10 21:31:03
Taryn Small Signature Logo and Leather Convertible Crossbody Bag,,$258,5,2024-11-10 21:31:03
Tribeca Large Signature Logo Shoulder Bag,,$358,,2024-11-10 21:31:03
Saffiano Leather Continental Wallet,,$178,5,2024-11-10 21:31:03
Prescott Large Nylon Gabardine Backpack,,$278,5,2024-11-10 21:31:03
Kensington Large Pebbled Leather Hobo Shoulder Bag,,$298,3.6,2024-11-10 21:31:03
Christie Mini Crocodile Embossed Leather Envelope Bag,,"$1,090",4.8,2024-11-10 21:31:03
Tribeca Large Leather Convertible Crossbody Bag,,$198,3.2,2024-11-10 21:31:03
Jet Set Large Nylon Gabardine Crossbody Bag,,$158,4.7,2024-11-10 21:31:03
Dede Medium Leather Hobo Bag,"$1,290",$774,5,2024-11-10 21:31:03
Tina Mini Python Embossed Leather Minaudière,"$1,290",$774,,2024-11-10 21:31:03
Christie Mini Crocodile Embossed Leather Envelope Bag,"$1,090",$763,4.3,2024-11-10 21:31:03
Monogramme Medium Metallic Python Embossed Leather Lunch Box Clutch,$990,$594,,2024-11-10 21:31:03
Campbell Medium Crocodile Embossed Leather Satchel,,"$1,750",4,2024-11-10 21:31:03
Campbell Medium Pebbled Leather Satchel,,"$1,750",,2024-11-10 21:31:03
Tina Mini Leather Minaudière,"$1,290",$774,,2024-11-10 21:31:03
Monogramme Medium Python Embossed Leather Lunch Box Clutch,$990,$594,,2024-11-10 21:31:03
Christie Medium Leather Envelope Bag,"$1,290",$774,3.9,2024-11-10 21:31:03
Christie Mini Python Embossed Leather Envelope Bag,"$1,090",$545,,2024-11-10 21:31:03
Tina Small Leather Minaudière,"$1,550",$930,,2024-11-10 21:31:03
Tate Small Metallic Python Embossed Leather Crossbody Bag,"$2,190","$1,095",,2024-11-10 21:31:03
Tate Small Leather Messenger Bag,"$1,850","$1,110",5,2024-11-10 21:31:03
Tribeca Small Quilted Leather Shoulder Bag,,$298,,2024-11-10 21:31:03
Audrey Medium Leather Bucket Bag,"$1,490",$745,3.4,2024-11-10 21:31:03
Campbell Mini Leather Satchel,,"$1,490",3.4,2024-11-10 21:31:03
Dede Mini Leather Hobo Bag,"$1,150",$690,5,2024-11-10 21:31:03
Tate Large Leather Messenger Bag,"$2,190","$1,095",5,2024-11-10 21:31:03
Dede Medium Leather Hobo Bag,"$1,290",$774,,2024-11-10 21:31:03
Marissa Medium Hand-Woven Macramé Shoulder Bag,"$1,800",$900,,2024-11-10 21:31:03
Campbell Medium Leather Satchel,,"$1,750",3.9,2024-11-10 21:31:03
Christie Mini Leather Envelope Bag,"$1,090",$654,3.7,2024-11-10 21:31:03
Mona Large Saffiano Leather Clutch,,$198,4.5,2024-11-10 21:31:03
